id,first_name,last_name,gender,city,email,position,company
1,Rudyard,,Male,Montasik,rdelea0@dion.ne.jp,Product Engineer,"McDermott, Rice and Johnston"
2,Kip,,Female,Saltpond,kskitral1@slate.com,Computer Systems Analyst II,"Shanahan, Bradtke and Schmidt"
3,Beckie,Foulkes,Female,Nacimiento,bfoulkes2@wix.com,,Leuschke LLC
4,Kassia,MacGorley,Female,San Isidro,kmacgorley3@hubpages.com,Clinical Specialist,Hickle-McLaughlin
5,Myrta,Van Arsdall,Female,Cazin,mvanarsdall4@marriott.com,Professor,Kuhlman-Von
6,Tami,,Female,Paris 07,ttoolin5@latimes.com,Budget/Accounting Analyst III,Yundt-Kunde
7,Hercule,De Ambrosis,Male,Hougang,hdeambrosis6@oakley.com,Internal Auditor,Bruen LLC
8,Darlleen,Mingardi,Female,Jianshe,dmingardi7@mac.com,,"Orn, Herman and Ernser"
9,Osbert,Truss,Male,Lapachito,otruss8@meetup.com,Legal Assistant,"Corkery, Bashirian and Beier"
10,Lock,Liepins,Male,Al Mazra‘ah ash Sharqīyah,lliepins9@imageshack.us,Dental Hygienist,Spinka and Sons
11,Marleah,Perrington,Female,Fullerton,mperringtona@privacy.gov.au,Structural Engineer,Lind LLC
12,Anya,,Female,Xilópolis,abiddlesb@xing.com,Chief Design Engineer,Herzog Inc
13,Orsa,Kliemchen,Female,Tiên Phước,okliemchenc@issuu.com,Structural Analysis Engineer,"Dickinson, Johns and Wilderman"
14,Nicolas,Gethings,Male,Pau,ngethingsd@t.co,,"Friesen, Gibson and Paucek"
15,Hermina,Pull,Female,Alhambra,hpulle@psu.edu,Occupational Therapist,"Rempel, Howell and Gislason"
16,Bobby,,Male,Baltimore,bfantonef@sun.com,Compensation Analyst,Lehner LLC
17,Hubert,Southam,Male,,hsouthamg@artisteer.com,Budget/Accounting Analyst IV,Bahringer Group
18,Gene,Castagna,Genderqueer,Enyerhyetykaw,gcastagnah@msu.edu,Operator,Schneider-Kilback
19,Guthry,Chettle,Male,Gaotan,gchettlei@apache.org,Pharmacist,Hyatt-Mayer
20,Verge,Sinnat,Polygender,Dingle,vsinnatj@dailymotion.com,Teacher,Ziemann and Sons
21,Orv,Lennie,Male,Milotice,olenniek@google.it,Analog Circuit Design manager,Shanahan Group
22,Wells,,Male,Ngawi,wgoodfellowel@usa.gov,Food Chemist,Mante Group
23,Vanna,Cornbell,Female,København,vcornbellm@yolasite.com,Associate Professor,Sipes and Sons
24,Hilario,Slora,Male,Zhaiwu,hsloran@tumblr.com,Human Resources Assistant IV,Roob-Wehner
25,Rosene,Bottrill,Female,,rbottrillo@hibu.com,Financial Analyst,Goyette LLC
26,Tamar,Stanes,Female,Xintaimen,tstanesp@pcworld.com,Paralegal,Graham Inc
27,Zenia,Bertram,Agender,Serdobsk,zbertramq@ed.gov,Tax Accountant,"Wintheiser, Heathcote and McGlynn"
28,Jaclin,Ginnelly,Genderfluid,Energodar,jginnellyr@utexas.edu,,Cummings Group
29,Sunshine,,Female,Tuusula,sseears@chicagotribune.com,Account Representative IV,Waters-Murphy
30,Melinda,Waterstone,Female,Chengshan,mwaterstonet@cnn.com,Account Representative I,Lubowitz LLC
31,Katheryn,Moreno,Female,Embalse,kmorenou@slideshare.net,Account Executive,Stracke-Luettgen
32,Meriel,Slinger,Female,Pingkai,mslingerv@networksolutions.com,Chief Design Engineer,"Kuhic, Turcotte and Nolan"
33,Taber,Boag,Male,Baohe,tboagw@utexas.edu,Recruiting Manager,Friesen and Sons
34,Genna,Banstead,Female,Oslo,gbansteadx@theguardian.com,Payment Adjustment Coordinator,"Johnson, Upton and Sauer"
35,Harwell,Farley,Male,Khao Wong,hfarleyy@cornell.edu,Editor,Mosciski LLC
36,Frederic,Dainty,Male,Sisŏphŏn,fdaintyz@shareasale.com,Office Assistant II,Kris-Carroll
37,Tawnya,Terbeek,Female,Deskáti,tterbeek10@google.fr,Information Systems Manager,"Wilderman, McClure and Prosacco"
38,Josephina,McTeer,Female,Jinping,jmcteer11@naver.com,Biostatistician IV,"Kuhn, Howe and Mayer"
39,Jack,Ginn,Male,Zavrč,jginn12@cloudflare.com,,Smitham Inc
40,Marjie,Niblett,Female,Kinshasa,mniblett13@java.com,Account Representative I,Steuber and Sons
41,Ansell,Pelman,Male,Junbu,apelman14@springer.com,VP Product Management,Lebsack-Marquardt
42,Walden,Marushak,Male,Čížkovice,wmarushak15@bravesites.com,Account Coordinator,Ziemann and Sons
43,Clementia,Barthel,Polygender,Karangmelok,cbarthel16@jugem.jp,Project Manager,Wuckert and Sons
44,Ken,Faucherand,Male,Sundbyberg,kfaucherand17@nih.gov,,Lebsack Group
45,Wells,,Male,Thị Trấn Triệu Sơn,wglowacha18@woothemes.com,Dental Hygienist,"Satterfield, Langosh and Tremblay"
46,Adrianne,Fawke,Female,Volksrust,afawke19@wp.com,Developer I,"Fisher, Jacobs and Strosin"
47,Desirae,De Banke,Agender,Ferdinandovac,ddebanke1a@smugmug.com,VP Marketing,Hirthe LLC
48,Erny,Iacomelli,Male,Jiangpu,eiacomelli1b@naver.com,Administrative Assistant I,Lehner LLC
49,Michele,Dobrowolski,Female,Giồng Trôm,mdobrowolski1c@sakura.ne.jp,,Hegmann-Pfannerstill
50,Cully,Sturney,Male,Fenlu,csturney1d@miitbeian.gov.cn,Cost Accountant,Lakin-Stokes
51,Ediva,Biernacki,Female,Rybatskoye,ebiernacki1e@joomla.org,Marketing Assistant,Kihn Group
52,Giulietta,Dutt,Agender,Beihe,gdutt1f@elpais.com,,Crist and Sons
53,Burr,Povey,Male,Napoli,bpovey1g@google.co.uk,Help Desk Operator,Kutch LLC
54,Ollie,Port,Male,Unión,oport1h@yahoo.co.jp,Research Assistant II,Rice-Jerde
55,Gardie,Loveguard,Male,Älvsjö,gloveguard1i@house.gov,Research Associate,"Walter, Hansen and Rosenbaum"
56,Miguel,Pleasants,Agender,Shuanghe,mpleasants1j@fastcompany.com,Assistant Manager,Runolfsson LLC
57,Lewie,Renshaw,Male,Tanjung Palas,lrenshaw1k@ted.com,,Gleason Inc
58,Shepperd,Bransgrove,Male,Nay Pyi Taw,sbransgrove1l@google.co.jp,Cost Accountant,"Glover, McCullough and Metz"
59,Ede,Briers,Female,Conceição das Alagoas,ebriers1m@simplemachines.org,Business Systems Development Analyst,Kuvalis LLC
60,Loralee,Joselin,Genderqueer,Rosa Zarate,ljoselin1n@accuweather.com,Research Associate,Cremin Inc
61,Missy,Tarbath,Female,Södra Sandby,mtarbath1o@vk.com,,Mosciski-Runte
62,Hunt,Gavrielli,Male,Wichita,hgavrielli1p@ow.ly,VP Sales,Gulgowski LLC
63,Kalvin,,Male,Koynare,kmarjoribanks1q@spotify.com,Financial Advisor,Rogahn-Rosenbaum
64,Demetri,Aughton,Male,Novosheshminsk,daughton1r@plala.or.jp,VP Quality Control,"Gleason, Crooks and Watsica"
65,Ole,Lyvon,Genderqueer,Vancouver,olyvon1s@marriott.com,Account Executive,Senger and Sons
66,Ansel,McClenan,Polygender,Shalqīya,amcclenan1t@usgs.gov,,"Vandervort, Kling and Thompson"
67,Nathanial,Tebb,Male,Rancageneng Satu,ntebb1u@goo.ne.jp,Software Test Engineer III,Renner LLC
68,Micah,Cooney,Male,Tual,mcooney1v@domainmarket.com,Marketing Manager,Grady-Orn
69,Cleavland,Whyard,Bigender,Culasian,cwhyard1w@biglobe.ne.jp,Professor,"Heathcote, Beier and Wolff"
70,Wally,Hutchins,Female,,whutchins1x@google.pl,Chief Design Engineer,"Pacocha, Kilback and Witting"
71,Esme,Kleimt,Female,Letlhakane,ekleimt1y@senate.gov,Dental Hygienist,"Hettinger, Stamm and Huel"
72,Damiano,Steenson,Male,Geneina,dsteenson1z@mashable.com,Recruiting Manager,"Schmidt, Reilly and Padberg"
73,Audre,Beaulieu,Female,Chrysó,abeaulieu20@godaddy.com,Electrical Engineer,Bartell Inc
74,Georgie,,Female,Gaotang,gsearch21@businessweek.com,,Lemke-Pagac
75,Maddie,Tindley,Male,São Bernardo do Campo,mtindley22@ebay.co.uk,Sales Representative,Emmerich LLC
76,Janessa,Salter,Female,Poço Verde,jsalter23@amazon.de,Internal Auditor,Stoltenberg-Klocko
77,Aili,,Female,Vale de Vila,agladding24@whitehouse.gov,Software Engineer IV,McCullough-Kling
78,Sonnie,,Male,Shashemenē,sdenington25@wikispaces.com,Recruiting Manager,"Lind, Zieme and Hodkiewicz"
79,Nickie,Brimilcombe,Male,Gayam,nbrimilcombe26@omniture.com,Systems Administrator III,"Gutmann, Roberts and Jaskolski"
80,Pearline,Garn,Female,,pgarn27@reuters.com,Associate Professor,Homenick-Wintheiser
81,Meridith,Wyer,Female,Matam,mwyer28@si.edu,Recruiting Manager,"Beatty, Abernathy and Bahringer"
82,Thain,Sharpling,Male,,tsharpling29@uiuc.edu,Senior Sales Associate,Turcotte LLC
83,Shannah,,Female,Aemura,sminogue2a@foxnews.com,VP Quality Control,"McKenzie, Ziemann and Bahringer"
84,Jilleen,McGrill,Female,Čajetina,jmcgrill2b@blogs.com,Compensation Analyst,Durgan LLC
85,Ervin,Langeley,Male,London,elangeley2c@sbwire.com,Systems Administrator II,Osinski and Sons
86,Tracey,Loiterton,Female,Talipan,tloiterton2d@ca.gov,Social Worker,Marks Inc
87,Gael,,Agender,Soufrière,gumpleby2e@bigcartel.com,Account Executive,Cormier-Parker
88,Jessie,Fantini,Bigender,La Esperanza,jfantini2f@tmall.com,,Carter-O'Reilly
89,Kennan,Meace,Male,Krajan Gajihan,kmeace2g@blogs.com,Chief Design Engineer,"Cole, Von and Terry"
90,Alethea,Pegrum,Female,Baing,apegrum2h@dropbox.com,Quality Control Specialist,Bashirian-Ziemann
91,Margaretta,Penhale,Female,Watulabara,mpenhale2i@hao123.com,Automation Specialist II,Pfeffer LLC
92,Webb,,Male,Pasacao,wrain2j@purevolume.com,,"Lebsack, Tromp and O'Conner"
93,Sara,Grigorini,Female,Claveria,sgrigorini2k@reference.com,Social Worker,"Skiles, Barrows and Torphy"
94,Inglis,,Male,La Huerta,iwillshere2l@mozilla.com,Dental Hygienist,Witting and Sons
95,Aimee,Binny,Female,Kiarajangkung,abinny2m@bloomberg.com,Automation Specialist II,Hammes-Sauer
96,Dollie,Lynas,Bigender,Mkushi,dlynas2n@bizjournals.com,Analog Circuit Design manager,Kassulke-Lynch
97,Alene,Sedgemore,Female,Sedlarevo,asedgemore2o@npr.org,Information Systems Manager,Russel Inc
98,Lynsey,Taphouse,Female,Punaauia,ltaphouse2p@foxnews.com,Legal Assistant,Dickens Inc
99,Ralph,,Male,Eixo,rtuny2q@bing.com,Food Chemist,"Schiller, Hackett and Dooley"
100,Gavin,Hovard,Male,,ghovard2r@w3.org,VP Marketing,"Muller, Weimann and Russel"
